Workbook
Name F: #REF!
Name F: #REF!
Name F: #REF!
Name faiz3: #REF!
Name faiz3: #REF!
Name faiz3: #REF!
Name faiz3: #REF!
Name faiz3: #REF!
Name jamil2: #REF!
Name jamil2: #REF!
Name jamil2: #REF!
Name jamil2: #REF!
Name jamil2: #REF!
Name osman2: #REF!
Name osman2: #REF!
Name osman2: #REF!
Name osman2: #REF!
Name osman2: #REF!

Sheet Sheet1
G1: =NOW() -> 46049.612
A2: Zone | B2: No. | C2: Passenger Name | D2: Purpose | E2: Destination | F2: Vehicle No | G2: Driver Name
A3: A | B3: 1 | C3: Salesman 1 | D3: Direct Delivery | E3: Wazir Akbar Khan | F3: 11111 | G3: Driver 1
A5: B | B5: 1 | C5: Salesman 2 | D5: Direct Delivery | E5: Qala Fatullah | F5: 22222 | G5: Driver 2
A7: C | B7: 1 | C7: Salesman 3 | D7: Direct Delivery | E7: Share-Naw | F7: 33333 | G7: Driver 3
A9: D | B9: 1 | C9: Salesman 4 | D9: Direct Delivery | E9: Karte 4 | F9: 44444 | G9: Driver 4
A11: E | B11: 6 | C11: Salesman 5 | D11: Direct Delivery | E11: Karte 3 | F11: 55555 | G11: Driver 5

Sheet A Salesman 1
A4: TRIP PASS FORM
A5: Part-1 (To be filled by Department) | G5: Date: | H5: =Sheet1!G1 -> 46049.612
A6: Passenger Name: | C6: =Sheet1!C3 -> Salesman 1
A7: Purpose: | C7: =Sheet1!D3 -> Direct Delivery
A8: Destination: | C8: =Sheet1!E3 -> Wazir Akbar Khan
A9: Dept. Manager:
A10: Part-2 (To be filled by Security/Transport Dept)
A11: Vehicle Plate No: | C11: =Sheet1!F3 -> 11111
A12: Driver’s Name: | C12: =Sheet1!G3 -> Driver 1
A13: Km Out __________ Km in __________ | E13: Time Out____:____ Time In____:____
A15: Coordinated By: | G15: Approved By:
A16: Transport Supervisor | G16: Security Manager

Sheet B Salesman 2
A4: TRIP PASS FORM
A5: Part-1 (To be filled by Department) | G5: Date: | H5: =Sheet1!G1 -> 46049.612
A6: Passenger Name: | C6: =Sheet1!C5 -> Salesman 2
A7: Purpose: | C7: =Sheet1!D5 -> Direct Delivery
A8: Destination: | C8: =Sheet1!E5 -> Qala Fatullah
A9: Dept. Manager:
A10: Part-2 (To be filled by Security/Transport Dept)
A11: Vehicle Plate No: | C11: =Sheet1!F5 -> 22222
A12: Driver’s Name: | C12: =Sheet1!G5 -> Driver 2
A13: Km Out __________ Km in __________ | E13: Time Out____:____ Time In____:____
A15: Coordinated By: | G15: Approved By:
A16: Transport Supervisor | G16: Security Manager

Sheet C Salesman 3
A4: TRIP PASS FORM
A5: Part-1 (To be filled by Department) | G5: Date: | H5: =Sheet1!G1 -> 46049.612
A6: Passenger Name: | C6: =Sheet1!C7 -> Salesman 3
A7: Purpose: | C7: =Sheet1!D7 -> Direct Delivery
A8: Destination: | C8: =Sheet1!E7 -> Share-Naw
A9: Dept. Manager:
A10: Part-2 (To be filled by Security/Transport Dept)
A11: Vehicle Plate No: | C11: =Sheet1!F7 -> 33333
A12: Driver’s Name: | C12: =Sheet1!G7 -> Driver 3
A13: Km Out __________ Km in __________ | E13: Time Out____:____ Time In____:____
A15: Coordinated By: | G15: Approved By:
A16: Transport Supervisor | G16: Security Manager

Sheet D Salesman 4
A4: TRIP PASS FORM
A5: Part-1 (To be filled by Department) | G5: Date: | H5: =Sheet1!G1 -> 46049.612
A6: Passenger Name: | C6: =Sheet1!C9 -> Salesman 4
A7: Purpose: | C7: =Sheet1!D9 -> Direct Delivery
A8: Destination: | C8: =Sheet1!E9 -> Karte 4
A9: Dept. Manager:
A10: Part-2 (To be filled by Security/Transport Dept)
A11: Vehicle Plate No: | C11: =Sheet1!F9 -> 44444
A12: Driver’s Name: | C12: =Sheet1!G9 -> Driver 4
A13: Km Out __________ Km in __________ | E13: Time Out____:____ Time In____:____
A15: Coordinated By: | G15: Approved By:
A16: Transport Supervisor | G16: Security Manager

Sheet E Salesman 5
A4: TRIP PASS FORM
A5: Part-1 (To be filled by Department) | G5: Date: | H5: =Sheet1!G1 -> 46049.612
A6: Passenger Name: | C6: =Sheet1!C11 -> Salesman 5
A7: Purpose: | C7: =Sheet1!D11 -> Direct Delivery
A8: Destination: | C8: =Sheet1!E11 -> Karte 3
A9: Dept. Manager:
A10: Part-2 (To be filled by Security/Transport Dept)
A11: Vehicle Plate No: | C11: =Sheet1!F11 -> 55555
A12: Driver’s Name: | C12: =Sheet1!G11 -> Driver 5
A13: Km Out __________ Km in __________ | E13: Time Out____:____ Time In____:____
A15: Coordinated By: | G15: Approved By:
A16: Transport Supervisor | G16: Security Manager
